filename,object_location,image_small,image_thumb
0_Nov_20_70_Chestnut_Lodge_2.pdf,/objects/0_Nov_20_70_Chestnut_Lodge_2.pdf,/objects/small/0_nov_20_70_chestnut_lodge_2_sm.jpg,/objects/thumbs/0_nov_20_70_chestnut_lodge_2_th.jpg
10_Oct_28_71_Hunts_to_Gran.pdf,/objects/10_Oct_28_71_Hunts_to_Gran.pdf,/objects/small/10_oct_28_71_hunts_to_gran_sm.jpg,/objects/thumbs/10_oct_28_71_hunts_to_gran_th.jpg
11_Nov_2_71_G_to_Gran.pdf,/objects/11_Nov_2_71_G_to_Gran.pdf,/objects/small/11_nov_2_71_g_to_gran_sm.jpg,/objects/thumbs/11_nov_2_71_g_to_gran_th.jpg
12_Nov_7_71_Paul_to_Gran.pdf,/objects/12_Nov_7_71_Paul_to_Gran.pdf,/objects/small/12_nov_7_71_paul_to_gran_sm.jpg,/objects/thumbs/12_nov_7_71_paul_to_gran_th.jpg
13_Nov_8_71_Chestnut_Lodge.pdf,/objects/13_Nov_8_71_Chestnut_Lodge.pdf,/objects/small/13_nov_8_71_chestnut_lodge_sm.jpg,/objects/thumbs/13_nov_8_71_chestnut_lodge_th.jpg
14_Dec_11_71_G_to_Gran.pdf,/objects/14_Dec_11_71_G_to_Gran.pdf,/objects/small/14_dec_11_71_g_to_gran_sm.jpg,/objects/thumbs/14_dec_11_71_g_to_gran_th.jpg
15_Dec_17_71_G_to_Gran.pdf,/objects/15_Dec_17_71_G_to_Gran.pdf,/objects/small/15_dec_17_71_g_to_gran_sm.jpg,/objects/thumbs/15_dec_17_71_g_to_gran_th.jpg
16_Dec_21_71_G_to_Gran.pdf,/objects/16_Dec_21_71_G_to_Gran.pdf,/objects/small/16_dec_21_71_g_to_gran_sm.jpg,/objects/thumbs/16_dec_21_71_g_to_gran_th.jpg
17_Dec_27_71_Paul_to_Gran.pdf,/objects/17_Dec_27_71_Paul_to_Gran.pdf,/objects/small/17_dec_27_71_paul_to_gran_sm.jpg,/objects/thumbs/17_dec_27_71_paul_to_gran_th.jpg
18_Jan_17_72_Fiona_to_Gran.pdf,/objects/18_Jan_17_72_Fiona_to_Gran.pdf,/objects/small/18_jan_17_72_fiona_to_gran_sm.jpg,/objects/thumbs/18_jan_17_72_fiona_to_gran_th.jpg
19_Sep_19_75_Divorce_pre.pdf,/objects/19_Sep_19_75_Divorce_pre.pdf,/objects/small/19_sep_19_75_divorce_pre_sm.jpg,/objects/thumbs/19_sep_19_75_divorce_pre_th.jpg
1_Jun_17_71_Peter_to_Gran.pdf,/objects/1_Jun_17_71_Peter_to_Gran.pdf,/objects/small/1_jun_17_71_peter_to_gran_sm.jpg,/objects/thumbs/1_jun_17_71_peter_to_gran_th.jpg
20_Oct_15_76_Divorce.pdf,/objects/20_Oct_15_76_Divorce.pdf,/objects/small/20_oct_15_76_divorce_sm.jpg,/objects/thumbs/20_oct_15_76_divorce_th.jpg
2_Jul_7_71_Chestnut_Lodge_discharge.pdf,/objects/2_Jul_7_71_Chestnut_Lodge_discharge.pdf,/objects/small/2_jul_7_71_chestnut_lodge_discharge_sm.jpg,/objects/thumbs/2_jul_7_71_chestnut_lodge_discharge_th.jpg
3_Aug_2_71_Rosamunde_to_Gran.pdf,/objects/3_Aug_2_71_Rosamunde_to_Gran.pdf,/objects/small/3_aug_2_71_rosamunde_to_gran_sm.jpg,/objects/thumbs/3_aug_2_71_rosamunde_to_gran_th.jpg
4_Aug_28_71_G_to_Gran.pdf,/objects/4_Aug_28_71_G_to_Gran.pdf,/objects/small/4_aug_28_71_g_to_gran_sm.jpg,/objects/thumbs/4_aug_28_71_g_to_gran_th.jpg
5_Aug_30_71_G_to_Gran.pdf,/objects/5_Aug_30_71_G_to_Gran.pdf,/objects/small/5_aug_30_71_g_to_gran_sm.jpg,/objects/thumbs/5_aug_30_71_g_to_gran_th.jpg
6_Sep_28_71_G_to_Gran.pdf,/objects/6_Sep_28_71_G_to_Gran.pdf,/objects/small/6_sep_28_71_g_to_gran_sm.jpg,/objects/thumbs/6_sep_28_71_g_to_gran_th.jpg
7_Oct_4_71_-_G_to_Gran.pdf,/objects/7_Oct_4_71_-_G_to_Gran.pdf,/objects/small/7_oct_4_71_-_g_to_gran_sm.jpg,/objects/thumbs/7_oct_4_71_-_g_to_gran_th.jpg
8_Oct_7_71_Fiona_to_Gran.pdf,/objects/8_Oct_7_71_Fiona_to_Gran.pdf,/objects/small/8_oct_7_71_fiona_to_gran_sm.jpg,/objects/thumbs/8_oct_7_71_fiona_to_gran_th.jpg
9_Oct_8_71_G_to_Gran.pdf,/objects/9_Oct_8_71_G_to_Gran.pdf,/objects/small/9_oct_8_71_g_to_gran_sm.jpg,/objects/thumbs/9_oct_8_71_g_to_gran_th.jpg
Banana_Split.jpg,/objects/Banana_Split.jpg,/objects/small/banana_split_sm.jpg,/objects/thumbs/banana_split_th.jpg
Gaetane_and_Helene_at_Mediterannean.jpg,/objects/Gaetane_and_Helene_at_Mediterannean.jpg,/objects/small/gaetane_and_helene_at_mediterannean_sm.jpg,/objects/thumbs/gaetane_and_helene_at_mediterannean_th.jpg
Gaetane_and_Vane-Hunts.jpeg,/objects/Gaetane_and_Vane-Hunts.jpeg,/objects/small/gaetane_and_vane-hunts_sm.jpg,/objects/thumbs/gaetane_and_vane-hunts_th.jpg
Gaetane_at_Mas_Lombard.jpg,/objects/Gaetane_at_Mas_Lombard.jpg,/objects/small/gaetane_at_mas_lombard_sm.jpg,/objects/thumbs/gaetane_at_mas_lombard_th.jpg
Gaetane_in_Studio.jpg,/objects/Gaetane_in_Studio.jpg,/objects/small/gaetane_in_studio_sm.jpg,/objects/thumbs/gaetane_in_studio_th.jpg
Hiking_Gaetane_Pipelou_and_others.png,/objects/Hiking_Gaetane_Pipelou_and_others.png,/objects/small/hiking_gaetane_pipelou_and_others_sm.jpg,/objects/thumbs/hiking_gaetane_pipelou_and_others_th.jpg
Olivia_and_Pipelou_and_Paul.jpg,/objects/Olivia_and_Pipelou_and_Paul.jpg,/objects/small/olivia_and_pipelou_and_paul_sm.jpg,/objects/thumbs/olivia_and_pipelou_and_paul_th.jpg
image001.jpg,/objects/image001.jpg,/objects/small/image001_sm.jpg,/objects/thumbs/image001_th.jpg
image002.jpg,/objects/image002.jpg,/objects/small/image002_sm.jpg,/objects/thumbs/image002_th.jpg
image004.png,/objects/image004.png,/objects/small/image004_sm.jpg,/objects/thumbs/image004_th.jpg
image005.jpg,/objects/image005.jpg,/objects/small/image005_sm.jpg,/objects/thumbs/image005_th.jpg
image006.jpg,/objects/image006.jpg,/objects/small/image006_sm.jpg,/objects/thumbs/image006_th.jpg
image007.jpg,/objects/image007.jpg,/objects/small/image007_sm.jpg,/objects/thumbs/image007_th.jpg
image008.jpg,/objects/image008.jpg,/objects/small/image008_sm.jpg,/objects/thumbs/image008_th.jpg
image009.jpg,/objects/image009.jpg,/objects/small/image009_sm.jpg,/objects/thumbs/image009_th.jpg
image010.png,/objects/image010.png,/objects/small/image010_sm.jpg,/objects/thumbs/image010_th.jpg
v25347.jpeg,/objects/v25347.jpeg,/objects/small/v25347_sm.jpg,/objects/thumbs/v25347_th.jpg
